run,mesh_res,error_u,error_p
0,2,0.99085,0.05737
1,3,0.51742,0.03392
2,4,0.30793,0.02117
3,5,0.20227,0.01422
4,6,0.14246,0.01014
