run,mesh_res,error_u,error_p
0,2,0.85636,0.09544
1,3,0.43484,0.05265
2,4,0.26359,0.03280
3,5,0.17618,0.02214
4,6,0.12591,0.01588
5,7,0.09423,0.01191
6,8,0.07307,0.00925
7,9,0.05826,0.00738
8,10,0.04750,0.00602
9,11,0.03946,0.00501
10,12,0.03328,0.00422
